,HR_mean,HR_std,HR_min,HR_max,HRV_RMSSD,HRV_MeanNN,HRV_SDNN,HRV_CVNN,HRV_CVSD,HRV_MedianNN,HRV_MadNN,HRV_MCVNN,HRV_pNN50,HRV_pNN20,HRV_HF,HRV_VHF,HRV_HFn,HRV_LFHF,HRV_SD1,HRV_SD2,HRV_SD1SD2,RSP_mean,RSP_std,RSP_min,RSP_max,RRV_RMSSD,RRV_MeanBB,RRV_SDBB,RRV_SD1,RRV_SD2,RRV_SD2SD1,label,ID
0,0.0,0.0,0.183041591,0.0,0.486687714,1.0,0.126381778,0.0,0.347913943,1.0,0.5,0.39941313,0.461168079,1.0,1.0,0.441087613,1.0,0.0,0.486650659,0.07867942,1.0,0.522468059,0.095590113,0.757912767,1.0,0.108510015,0.393660527,0.049152121,0.107392162,0.018295907,0.569094394,1.0,4.0
1,0.812425523,0.119663063,0.457480646,1.0,0.0,0.180870567,0.0,0.006376594,0.0,0.178082192,0.0,0.0,0.0,0.0,0.429132313,1.0,0.201655187,0.700763185,0.0,0.0,0.397514636,0.448640597,0.128506452,0.074355554,0.162147619,0.695547545,0.536929518,0.52141322,0.695716147,0.37196701,0.0,1.0,4.0
2,0.688324109,0.406720585,0.814939917,0.398330295,0.26008974,0.301102165,0.296829654,0.312515629,0.267918697,0.287671233,0.4375,0.470315272,0.291050715,0.503029677,0.441794268,0.0,0.640661487,0.263325002,0.260081222,0.298792837,0.197500269,0.0,0.043260926,0.129732071,0.0,0.525428164,1.0,0.47472239,0.525907351,0.447555452,0.234619265,1.0,4.0
3,0.30301592,1.0,0.0,0.876441029,1.0,0.68967253,1.0,1.0,1.0,0.726027397,1.0,1.0,1.0,0.894096207,0.160090302,0.426988922,0.248608439,0.648931008,1.0,1.0,0.0,0.590628312,1.0,0.053010782,0.743675361,1.0,0.41349678,1.0,1.0,1.0,0.147469234,0.0,4.0
4,0.740267246,0.208257878,1.0,0.724301348,0.108910676,0.250881086,0.097553364,0.101775444,0.107809343,0.260273973,0.25,0.265593012,0.210842805,0.455211586,0.0,0.526686808,0.0,1.0,0.10891837,0.097000997,0.366896527,0.884859976,0.723257048,0.0,0.318508053,0.798281024,0.124838215,0.805827064,0.797956106,0.820251821,0.211518048,0.0,4.0
5,1.0,0.242104831,0.724020027,0.427479815,0.059936957,0.0,0.082120691,0.131095274,0.113039344,0.0,0.125,0.174082162,0.276506374,0.144251876,0.477915194,0.825780463,0.407349205,0.464192644,0.059887964,0.083702107,0.31735086,1.0,0.0,1.0,0.266744388,0.0,0.0,0.0,0.0,0.0,1.0,0.0,4.0
6,0.510227224,0.403770876,0.785054671,0.095144048,0.3499183,0.471718145,0.337928112,0.356044931,0.350937343,0.511111111,0.414634146,0.432057482,0.458693131,0.629698463,1.0,0.198769704,0.721209069,0.358539078,0.349930517,0.365993129,0.319328495,0.123926268,0.137719534,0.0,0.0,0.734697645,0.800428393,0.819535432,0.731999734,0.888646463,0.54687973,1.0,5.0
7,0.919219377,0.615326466,0.755663248,1.0,0.307478236,0.078509617,0.426004738,0.500591191,0.351597886,0.044444444,0.390243902,0.461075031,0.199867643,0.118013204,0.491704216,0.091695502,0.265620772,0.769471168,0.307403488,0.461914005,0.10772151,0.0,0.270107406,0.055767558,0.170461443,1.0,1.0,1.0,1.0,1.0,0.279172162,1.0,5.0
8,0.0,1.0,0.0,0.552320291,1.0,1.0,1.0,1.0,1.0,1.0,1.0,1.0,1.0,1.0,0.010793252,0.0,1.0,0.167675543,1.0,1.0,0.245193592,0.234621633,0.0,0.468003272,0.161170505,0.239800672,0.649937253,0.375108073,0.240422144,0.47443188,0.914110806,1.0,5.0
9,0.687948625,0.0,0.980918852,0.0,0.265193621,0.297291979,0.0,0.0,0.27535229,0.266666667,0.0,0.0,0.378618002,0.763554553,0.087882916,1.0,0.8499564,0.0,0.265196443,0.0,1.0,1.0,0.848627707,1.0,1.0,0.0,0.0,0.0,0.0,0.0,0.332327147,0.0,5.0
10,0.834990839,0.226796695,0.943136912,0.389552047,0.173018334,0.155599571,0.135634709,0.164836789,0.185392552,0.133333333,0.097560976,0.122011883,0.170913326,0.474209399,0.335009955,0.441176471,0.0,1.0,0.173016507,0.169487972,0.401726499,0.667879801,0.326689639,0.407307321,0.106331045,0.31262433,0.238800134,0.244547337,0.311933443,0.185046371,0.0,0.0,5.0
11,1.0,0.327971453,1.0,0.761706624,0.0,0.0,0.167972424,0.217326126,0.0,0.0,0.243902439,0.301119248,0.0,0.0,0.0,0.104575163,0.059769372,0.972181229,0.0,0.227645246,0.0,0.531876854,1.0,0.191767309,0.272982581,0.457694113,0.353686976,0.652327776,0.456730962,0.794947073,1.0,0.0,5.0
12,0.537287627,0.290416271,0.569368641,0.287155963,0.657510937,0.442724502,0.31288885,0.309242695,0.685873606,0.434782609,0.0,0.035207198,0.0,0.298197224,1.0,1.0,1.0,0.0,0.656962985,0.291323035,1.0,0.200617573,0.661996282,0.182000203,0.899076091,0.614990409,0.749332045,0.479259709,0.614817542,0.434524415,0.38837887,1.0,7.0
13,0.253623515,0.0,0.811998078,0.0,0.0,0.730100678,0.0,0.0,0.0,0.68115942,0.0,0.0,0.139920396,0.0,0.321601334,0.196022727,0.116212529,0.804171426,0.0,0.0,0.552758162,0.355692779,0.0,1.0,0.0,0.0,0.558348311,0.0,0.0,0.0,0.0,1.0,7.0
14,0.0,0.327325227,0.0,0.287155963,0.576811311,1.0,0.548306574,0.418525144,0.488104089,1.0,0.454545455,0.330609212,0.290373329,1.0,0.097748123,0.0,0.0,1.0,0.576816683,0.543565716,0.473390646,0.063892972,0.613164615,0.127679201,1.0,0.647528665,0.855973699,0.502098892,0.646024835,0.454310421,0.388869797,1.0,7.0
15,1.0,1.0,0.827463579,0.84193038,0.660498418,0.0,1.0,1.0,0.795291202,0.0,1.0,1.0,0.600163317,0.870065865,0.0,0.082386364,0.286486943,0.576310531,0.660131618,1.0,0.0,1.0,0.709028091,0.213324069,0.384121472,0.422178005,0.0,0.360696519,0.421536938,0.344311073,0.493939566,0.0,7.0
16,0.726003515,0.518856727,1.0,0.63578125,0.916743332,0.257595454,0.518390565,0.519896641,0.98401487,0.304347826,0.636363636,0.610822189,1.0,0.628602503,0.504587156,0.518939394,0.71387524,0.180876068,0.916409258,0.498057877,0.98232866,0.962923199,0.441930647,0.480414243,0.256652342,0.263799022,0.042585922,0.191785093,0.263478575,0.167060644,0.185858777,0.0,7.0
17,0.432353591,0.583728887,0.524862342,1.0,1.0,0.509293606,0.772994847,0.694414629,1.0,0.565217391,0.954545455,0.8317649,0.459699677,0.914934322,0.461050876,0.608901515,0.296519419,0.551692897,1.0,0.757310169,0.681045952,0.0,1.0,0.0,0.099590802,1.0,1.0,1.0,1.0,1.0,1.0,0.0,7.0
18,0.0,0.435272735,0.0,0.474358974,0.001758354,0.017195275,0.002906784,0.006510117,0.004059319,1.0,0.095238095,0.083524916,0.112328502,0.096149128,0.733638076,0.853658537,0.922222352,0.003940011,0.00175336,0.003112534,0.071533199,0.892077966,0.755622419,0.017407884,0.504253661,0.471651532,0.131525844,0.570080968,0.469872885,0.535784256,0.588135714,1.0,6.0
19,0.427396687,0.309113435,0.830353596,0.0,0.000793237,0.008101827,0.00195908,0.004649057,0.001845611,0.444444444,0.142857143,0.141863931,0.058022026,0.034888893,0.46897489,0.429583006,1.0,0.0,0.000791797,0.002290198,0.0,0.505331015,0.0,1.0,0.0,0.0,0.428643339,0.0,0.0,0.0,1.0,1.0,6.0
20,0.828836761,0.0,1.0,0.200971984,0.0,0.0,0.0,0.0,0.0,0.0,0.0,0.0,0.0,0.0,1.0,1.0,0.940352929,0.003059153,0.0,0.0,0.108001028,1.0,0.259120179,0.613268093,0.254979453,0.240598919,0.0,0.167672904,0.240506878,0.080252765,0.299387941,1.0,6.0
21,1.0,1.0,0.782918149,1.0,0.36447718,0.182970087,0.466437769,0.925132998,0.76424016,0.37037037,0.238095238,0.24201297,0.402452883,0.207455786,0.019458257,0.007081039,0.374983921,0.076875701,0.363614461,0.458326693,0.481623892,0.77750601,1.0,0.012746603,0.797734628,0.740830633,0.243096288,1.0,0.73917858,1.0,0.697086979,0.0,6.0
22,0.54961563,0.694678882,0.608974359,0.104166667,0.424476122,0.324141373,0.600260075,1.0,0.746995431,0.796296296,0.246031746,0.240720775,0.419255417,0.523058244,0.0,0.0,0.024204507,0.667056969,0.42387554,0.664751145,0.101327661,0.279032547,0.983774305,0.121006821,1.0,1.0,0.804592054,0.966393655,1.0,0.721627167,0.0,0.0,6.0
23,0.948394513,0.807788412,0.818452381,0.062080537,1.0,1.0,1.0,0.940668832,1.0,1.0,1.0,1.0,1.0,1.0,0.006269883,0.00393391,0.0,1.0,1.0,1.0,1.0,0.0,0.343659143,0.0,0.081623478,0.561190262,1.0,0.566111409,0.561519628,0.455252762,0.274574607,0.0,6.0
24,0.691370657,0.696961088,0.446649519,0.419671955,0.53469028,0.296454187,0.585044376,0.633539128,0.568707483,0.348837209,1.0,1.0,0.979221017,0.417039336,0.0,0.0,0.173326416,0.590105431,0.534393595,0.577514169,0.040997195,0.528577251,0.0,1.0,0.969715043,0.0,0.402752359,0.0,0.0,0.0,0.0,1.0,22.0
25,0.448246375,0.369484901,0.754147225,0.39228201,0.185042194,0.539942449,0.303900572,0.330861129,0.210570382,0.558139535,0.454545455,0.459994551,0.0,0.251875159,0.124235318,0.023923445,0.187224266,0.569849492,0.184803511,0.308020903,0.00939417,0.0,0.238345021,0.586323957,0.0,0.123194908,0.997295906,0.349013168,0.123799043,0.450972092,1.0,1.0,22.0
26,0.0,0.0,0.766817269,0.0,0.0,1.0,0.0,0.0,0.0,1.0,0.0,0.0,0.0,0.0,0.22002447,0.123205742,0.0,1.0,0.0,0.0,0.184672743,0.009097913,0.275022304,0.055330213,0.012364844,0.438946889,1.0,0.525781292,0.440108891,0.570269489,0.506441109,1.0,22.0
27,0.246597666,1.0,0.0,0.347152328,0.954547206,0.742049828,1.0,1.0,0.918367347,0.651162791,0.909090909,0.876487149,1.0,1.0,0.022277732,0.004784689,0.065583204,0.811716894,0.954218982,1.0,0.0,1.0,0.580323345,0.013243242,0.700790149,0.439222894,0.0,0.504478544,0.435453788,0.541447997,0.463090139,0.0,22.0
28,1.0,0.600483127,0.779516676,0.522160343,0.499578645,0.0,0.444352237,0.518601668,0.566091052,0.0,0.727272727,0.781218781,0.0,0.586002439,0.233839723,0.040669856,0.372464994,0.341884451,0.499512018,0.445168909,0.133511937,0.480988514,1.0,0.0,1.0,1.0,0.506268589,1.0,1.0,1.0,0.39018996,0.0,22.0
29,0.555834879,0.245947519,1.0,1.0,1.0,0.431321014,0.166738262,0.202333226,1.0,0.418604651,0.090909091,0.129007356,0.65622251,0.506780243,1.0,1.0,1.0,0.0,1.0,0.123195988,1.0,0.430167675,0.389773379,0.54208945,0.519538869,0.223196085,0.499044523,0.396163659,0.223006931,0.478769739,0.77521045,0.0,22.0
30,0.0,0.618726531,0.298733432,0.57636603,0.236660939,1.0,0.688372992,0.642728094,0.152329208,1.0,0.6,0.556218628,0.0,0.327520403,0.213464949,0.046341463,0.479269021,0.429804815,0.236646092,0.738755311,0.177591203,0.0,0.480561623,0.411919186,0.0,0.595701246,1.0,0.782531662,0.594566917,0.890535669,1.0,1.0,23.0
31,0.295607673,0.730113633,0.066724562,0.09554731,0.206478348,0.700859623,0.781330891,0.766550523,0.150618775,0.538461538,1.0,1.0,0.13404761,0.0,0.0,0.094817073,0.0,1.0,0.206584319,0.86377042,0.0,0.698879858,0.166781612,0.543459314,0.087195484,0.260193868,0.19396075,0.299551803,0.260183951,0.323816786,0.464880526,1.0,23.0
32,0.529334312,0.339713168,0.596808671,0.0,0.095273111,0.465157263,0.394369095,0.380758808,0.055840628,0.538461538,0.8,0.795092025,0.080426286,0.431913746,0.117220637,0.0,0.470326844,0.439924395,0.09536016,0.441968119,0.411342126,0.879043938,0.0,1.0,0.133413214,0.0,0.018085939,0.0,0.0,0.0,0.241575675,1.0,23.0
33,0.344444357,1.0,0.0,1.0,1.0,0.654650976,1.0,1.0,1.0,0.538461538,0.6,0.590128277,1.0,1.0,0.748438343,1.0,0.986821412,0.0,1.0,1.0,0.622748157,1.0,0.501296617,0.653638012,0.239713743,0.666891667,0.0,0.584749613,0.666775128,0.531062453,0.0,0.0,23.0
34,0.881323401,0.259615769,0.728632219,0.226872247,0.277655754,0.116979611,0.27708396,0.285391663,0.28755408,0.0,0.55,0.578750697,0.347438104,0.439679129,1.0,0.2625,1.0,0.046475352,0.277677171,0.280088132,0.867274871,0.286229145,0.606519702,0.0,0.351666339,1.0,0.689028257,1.0,1.0,1.0,0.322416286,0.0,23.0
35,1.0,0.0,1.0,0.374465355,0.0,0.0,0.0,0.0,0.0,0.128205128,0.0,0.0,0.043988509,0.061759971,0.699699237,0.380487805,0.607946164,0.305390893,0.0,0.0,1.0,0.718542291,1.0,0.733225414,1.0,0.776172668,0.355251754,0.849273255,0.776123103,0.893540426,0.560883158,0.0,23.0
36,0.62848985,0.761344572,0.578123026,1.0,0.633310356,0.356873539,0.66917217,0.843704965,0.745776535,0.282051282,0.230769231,0.222839867,0.607045004,0.685526295,0.143053033,0.122306348,1.0,0.0,0.633243372,0.701641152,0.81969677,0.647304065,0.0,0.529176561,0.0,0.0,0.296768723,0.0,0.0,0.0,0.615351785,1.0,35.0
37,1.0,1.0,0.147722001,0.852623651,0.00747674,0.0,0.646151578,0.987292021,0.036700454,0.0,0.692307692,0.97259606,0.213171108,0.0,0.0,0.0,0.163936641,0.807550184,0.007476214,0.812326854,0.0,0.316216773,0.250841839,1.0,0.080070738,0.40954569,0.653065463,0.435701615,0.409719111,0.406978267,0.31472402,1.0,35.0
38,0.90423437,0.0,1.0,0.372399046,0.0,0.09033451,0.0,0.0,0.0,0.0,0.0,0.0,0.0,0.225725654,0.938405663,0.376820035,0.40061198,0.523340823,0.0,0.0,0.628042189,0.0,0.36914012,0.805619982,0.019625506,1.0,1.0,1.0,1.0,0.891763556,0.0,1.0,35.0
39,0.0,0.622911324,0.098244315,0.610419778,1.0,1.0,1.0,1.0,1.0,1.0,1.0,1.0,1.0,1.0,1.0,1.0,0.458021813,0.435007751,1.0,1.0,1.0,1.0,0.794467555,0.0,0.155210027,0.756529051,0.0,0.907086199,0.755209278,0.89511358,0.280770509,0.0,35.0
40,0.099905885,0.271564458,0.0,0.658522397,0.589423858,0.892960213,0.651891739,0.565963579,0.51776768,0.897435897,0.538461538,0.423346987,0.650258876,0.97257244,0.517770448,0.767035527,0.358942132,0.533341545,0.589507653,0.688350798,0.778734344,0.827251158,1.0,0.994141346,1.0,0.323846293,0.157925527,0.769346988,0.323423696,0.907667259,1.0,0.0,35.0
41,0.005531699,0.158836415,0.348043349,0.0,0.45816289,0.992015383,0.606337769,0.457618237,0.322497961,0.974358974,0.615384615,0.498537156,0.546052854,0.584590844,0.374828596,0.572510192,0.0,1.0,0.458332739,0.665156476,0.641450231,0.691116748,0.788678191,0.805619982,0.131022356,0.544971424,0.284896478,0.907704162,0.54434083,1.0,0.681689394,0.0,35.0
42,0.0,0.0,0.454208023,0.0,0.230954292,1.0,0.0,0.0,0.0,1.0,0.294117647,0.145088102,0.356763461,0.52713724,1.0,0.741007194,0.920114473,0.054576425,0.231537462,0.0,0.951980792,0.288177979,0.013690753,0.081562377,0.056000185,0.640554383,0.676624546,0.64451682,0.640986489,0.635962741,0.223704731,1.0,21.0
43,0.584370459,0.216496103,0.956419989,0.067632193,0.012791945,0.396460541,0.190315195,0.241651683,0.033784861,0.414285714,0.647058824,0.699569804,0.0,0.445011212,0.203828652,0.147482014,0.324816026,0.555494195,0.013273781,0.197755474,0.579726291,0.229728752,0.095539047,0.063658062,0.0,0.833935302,0.752299409,0.755460858,0.834559298,0.680639082,0.0,1.0,21.0
44,0.326620794,0.187177005,0.0,0.174788987,1.0,0.656241382,0.217586102,0.229728573,1.0,0.635714286,0.0,0.0,1.0,1.0,0.810921073,1.0,1.0,0.0,1.0,0.204762832,1.0,0.0,0.270182343,0.041742135,0.097259691,0.696401961,1.0,0.893332378,0.694262109,1.0,0.599797186,1.0,21.0
45,0.783259436,1.0,0.728579046,1.0,0.304734609,0.204034354,1.0,1.0,0.457211155,0.5,1.0,1.0,0.534748653,0.571257867,0.0,0.0,0.471586263,0.389078683,0.304741795,1.0,0.0,1.0,0.0,1.0,1.0,0.0,0.0,0.0,0.0,0.0,1.0,0.0,21.0
46,0.773567878,0.340216893,1.0,0.15904,0.288956168,0.211714036,0.303857426,0.370365613,0.435378486,0.214285714,0.411764706,0.554894219,0.705448232,0.666474568,0.521418484,0.68705036,0.0,1.0,0.288824484,0.303909035,0.573128451,0.549055281,0.252315397,0.217113991,0.505497771,0.558051286,0.402524066,0.473976149,0.558047822,0.408461394,0.043821757,0.0,21.0
47,1.0,0.31860951,0.672796892,0.278171642,0.0,0.0,0.226926594,0.332691155,0.209083665,0.0,0.176470588,0.41057222,0.07001438,0.0,0.314765417,0.305755396,0.303802126,0.581072298,0.0,0.23159539,0.534252101,0.520726991,1.0,0.0,0.978478142,1.0,0.429148526,1.0,1.0,0.975007603,0.110071917,0.0,21.0
48,0.308658566,0.0,1.0,0.055010737,0.0,0.666251772,0.0,0.0,0.0,0.553956835,0.0,0.0,0.0,0.0,1.0,0.097229219,0.764477785,0.153217008,0.0,0.0,0.907394555,0.858239015,0.0,1.0,0.050279739,0.0,0.085514226,0.0,0.0,0.0,0.212168528,1.0,20.0
49,0.242484535,0.618113401,0.0,1.0,1.0,0.74294985,0.78084225,0.675538565,1.0,0.863309353,0.376623377,0.319671456,0.443552423,0.789012545,0.781243347,1.0,0.602451514,0.237762734,1.0,0.731670838,0.718516011,0.504811905,0.926144833,0.329561132,1.0,0.445260799,0.382405709,0.415772258,0.443964666,0.399865968,0.0,1.0,20.0
50,1.0,1.0,0.345751005,0.520309883,0.375857066,0.0,1.0,1.0,0.514786457,0.0,1.0,1.0,0.25713128,0.288980319,0.0,0.0,0.0,1.0,0.375781335,1.0,0.0,0.0,1.0,0.0,0.0,1.0,1.0,1.0,1.0,1.0,0.13705614,1.0,20.0
51,0.0,0.187767269,0.131435561,0.0,0.620502922,1.0,0.349731019,0.271000101,0.564519528,1.0,0.337662338,0.273507678,1.0,1.0,0.922876304,0.265491184,1.0,0.0,0.620694744,0.317304916,1.0,1.0,0.592968076,0.284094536,0.217706006,0.169135261,0.0,0.183443858,0.16839852,0.191370016,0.307225115,0.0,20.0
52,0.284399897,0.340822659,0.774089496,0.478970193,0.39629112,0.694693703,0.424422356,0.370004168,0.398426524,0.726618705,0.233766234,0.201769085,0.352872132,0.669545807,0.220300192,0.101259446,0.419323916,0.433526054,0.39635317,0.412115708,0.607256313,0.902906772,0.639182371,0.268629788,0.241275359,0.24382316,0.069741654,0.245963345,0.242898922,0.247637809,0.186705523,0.0,20.0
53,0.701142465,0.66305115,0.873485072,0.807172746,0.353296135,0.278338618,0.704618212,0.677809235,0.433654116,0.302158273,0.74025974,0.71168585,0.234457108,0.133308259,0.201830956,0.04231738,0.36619335,0.492966854,0.353324648,0.691005078,0.235367471,0.390864916,0.93416173,0.271249461,0.133901905,0.366233505,0.468786013,0.513283836,0.364887482,0.582760486,1.0,0.0,20.0
54,0.572195512,0.264912787,0.272337671,1.0,0.308670024,0.409187925,0.280799161,0.267584243,0.307647402,0.422222222,0.0,0.0,0.0,0.311234013,1.0,0.007826087,1.0,0.0,0.308655584,0.275191905,0.532474846,0.309679494,0.138182405,0.908957505,0.306968298,0.0,0.586105585,0.081215466,0.0,0.338962222,0.749279574,1.0,34.0
55,0.294405262,0.542478406,0.205864116,0.0,0.580733377,0.690004459,0.586608724,0.57978168,0.578371278,0.644444444,0.833333333,0.941322957,0.0,0.587222443,0.446925775,0.019130435,0.659023146,0.225258348,0.580728506,0.589640659,0.638609401,0.0,0.0,0.336414339,0.0,1.0,1.0,1.0,1.0,0.716615827,0.188448677,1.0,34.0
56,0.0,1.0,0.0,0.235521236,1.0,1.0,1.0,1.0,1.0,1.0,1.0,1.0,0.0,1.0,0.514780617,0.240869565,0.573369202,0.288958009,1.0,1.0,1.0,0.388776497,0.594533779,0.0,0.191925679,0.270245756,0.495047714,0.949498113,0.269944196,1.0,1.0,1.0,34.0
57,0.758759284,0.20440742,0.783927092,0.65748503,0.251449528,0.227882734,0.18599314,0.188514476,0.269994162,0.244444444,0.666666667,0.897587549,0.0,0.118893283,0.092262544,1.0,0.052880297,0.859942144,0.251437547,0.181409326,0.624305451,1.0,1.0,1.0,1.0,0.499791894,0.0,0.0,0.496819312,0.0,0.0,0.0,34.0
58,1.0,0.0,1.0,0.430588235,0.0,0.0,0.0,0.0,0.0,0.0,0.0,0.14536965,0.0,0.0,0.0,0.0,0.0,1.0,0.0,0.0,0.0,0.595343074,0.696946979,0.010832858,0.452230365,0.877270657,0.301915555,0.626882221,0.87526156,0.412219122,0.07331875,0.0,34.0
59,0.747181019,0.458308967,1.0,0.309354892,0.0,0.239502676,0.0,0.217775162,0.0,0.323529412,0.25,0.334422556,0.0,0.685968596,0.0,1.0,0.619024992,0.216697531,0.0,0.014934834,0.120521173,1.0,1.0,0.014010868,1.0,1.0,0.0,0.693756598,1.0,0.436072835,0.0,1.0,30.0
60,1.0,1.0,0.431309766,0.677704563,0.504733239,0.0,0.644031543,1.0,0.969047619,0.0,1.0,1.0,1.0,0.0,0.902758671,0.595080416,1.0,0.0,0.504293036,0.654847524,0.0,0.50907603,0.551396907,0.363180216,0.538752961,0.545749495,0.420529036,0.465188631,0.546773068,0.374671567,0.417282168,1.0,30.0
61,0.194307122,0.0,0.0,0.0,0.96991986,0.795599695,0.121698127,0.0,0.869642857,0.735294118,0.5,0.358509943,0.794933826,1.0,1.0,0.399243141,0.516138982,0.39688754,0.970100934,0.0,1.0,0.660334237,0.372819632,1.0,0.431024521,0.0,0.273058349,0.0,0.0,0.0,0.545337165,0.0,30.0
62,0.283499959,0.739350368,0.118277337,1.0,1.0,0.70233215,0.954492001,0.835197175,1.0,0.774509804,0.0,0.0,0.530870078,0.405571262,0.72152632,0.278145695,0.246536288,0.675822826,1.0,0.930037525,0.179391965,0.0,0.407952581,0.0,0.214087255,0.83201908,1.0,1.0,0.835561784,1.0,1.0,0.0,30.0
63,0.0,0.480639881,0.318808689,0.205592105,0.936238959,1.0,1.0,0.690553267,0.633333333,1.0,0.125,0.009616282,0.635160426,0.198707551,0.620302657,0.0,0.0,1.0,0.9365647,1.0,0.07053203,0.081917909,0.0,0.54355939,0.0,0.080843975,0.886935589,0.195281147,0.082482574,0.241128871,0.893981716,0.0,30.0
64,0.0,0.294740995,0.0,0.0,0.177555633,1.0,0.437981154,0.365666013,0.150854285,0.875,0.357142857,0.34258522,0.137723229,0.09463443,0.168732424,0.290229885,0.369566843,0.320971887,0.17743171,0.452696021,0.033142053,0.14155927,0.182339929,1.0,0.019342689,0.219150252,0.871307052,0.150173822,0.219896234,0.095760337,0.0,1.0,24.0
65,0.776758676,0.0,0.465991209,0.271079009,0.0,0.215284523,0.0,0.0,0.0,0.0,0.142857143,0.149888143,0.0,0.001254438,0.0,0.0,0.0,1.0,0.0,0.0,0.0,1.0,0.202671814,0.979504363,0.271110372,0.0,0.0,0.0,0.0,0.003353201,1.0,1.0,24.0
66,0.865472574,0.12733618,1.0,1.0,0.046339626,0.126593536,0.069257976,0.074445618,0.048409501,0.25,0.0,0.0,0.086714288,0.0,0.417977294,0.031609195,0.455084795,0.252935834,0.046337283,0.072449901,0.04006156,0.0,0.0,0.0,0.0,0.096685011,1.0,0.041935641,0.097701441,0.0,0.254686938,1.0,24.0
67,0.163372368,0.368122096,0.498207885,0.518560908,0.691160806,0.828570021,0.495803403,0.435284357,0.657660786,1.0,0.428571429,0.410078489,0.401813969,0.60741556,0.857931465,1.0,0.981171426,0.004461571,0.691099893,0.458563552,0.920377948,0.553235853,1.0,0.0467365,1.0,1.0,0.489314211,1.0,1.0,1.0,0.074236536,0.0,24.0
68,1.0,1.0,0.563090773,0.363151659,1.0,0.0,1.0,1.0,1.0,0.4375,1.0,1.0,1.0,1.0,1.0,0.92816092,1.0,0.0,1.0,1.0,1.0,0.487129642,0.953208635,0.782673717,0.771064463,0.846834165,0.571591314,0.853861627,0.847178498,0.860350531,0.21241896,0.0,24.0
69,0.858250693,0.124290952,1.0,0.277713445,0.044965757,0.131657216,0.0,0.0,0.037604665,0.233333333,0.038461538,0.077743516,0.046046622,0.159535772,0.63057875,0.240762813,0.907257143,0.062320681,0.044965629,0.0,0.688831838,0.0,0.0,0.733998181,0.062342971,0.32888844,1.0,0.2777502,0.330418585,0.271180469,0.21394861,1.0,31.0
70,1.0,0.790612019,0.870547035,0.88788801,0.0,0.0,0.416730824,0.531327139,0.0,0.0,0.192307692,0.29297964,0.0,0.0,0.0,0.0,0.0,1.0,0.0,0.46730361,0.0,0.166587539,0.949013101,0.0,0.614086297,1.0,0.811732447,1.0,1.0,1.0,0.703811932,1.0,31.0
71,0.625411022,0.0,0.789411022,0.421878237,0.157577793,0.40155795,0.115337162,0.092858133,0.136101974,0.466666667,0.0,0.0,0.185167587,0.205779403,0.968806987,1.0,0.661019048,0.22520652,0.157720972,0.10823023,0.757556549,1.0,1.0,0.192200688,0.57360408,0.233974526,0.0,0.205343057,0.230614316,0.219138056,0.2721087,1.0,31.0
72,0.294954571,0.792666785,0.64547385,0.767702111,0.4737619,0.690273676,0.638632193,0.652364443,0.459666567,0.8,0.519230769,0.519768522,0.48811157,0.468353869,0.877339476,0.510131108,1.0,0.0,0.473750831,0.663587415,0.589352688,0.35219994,0.387878635,1.0,0.0,0.0,0.544487995,0.156776894,0.0,0.283179907,1.0,0.0,31.0
73,0.0,1.0,0.0,0.0,1.0,1.0,1.0,1.0,1.0,1.0,1.0,1.0,1.0,1.0,1.0,0.553039333,0.478885714,0.39731525,1.0,1.0,1.0,0.793472124,0.944487528,0.740626735,1.0,0.056516231,0.171011962,0.0,0.054584493,0.0,0.004981647,0.0,31.0
74,0.27126338,0.923404272,0.519794963,1.0,0.564835225,0.76389417,0.885962661,0.922784635,0.551846591,0.916666667,0.538461538,0.519705162,0.69016287,0.627537338,0.473078031,0.346841478,0.607304762,0.277316272,0.565262615,0.929496603,0.444655743,0.428400049,0.80765349,0.507958855,0.477212142,0.573139539,0.546728645,0.429838342,0.571555371,0.358406761,0.0,0.0,31.0
75,0.076798065,1.0,0.114655742,0.783827385,1.0,0.923191468,1.0,1.0,1.0,0.75,1.0,1.0,0.906838201,0.845956632,0.0,0.0,0.540998295,0.329468482,1.0,1.0,0.0,0.179944884,0.102472017,0.56300511,0.0,0.203336444,0.777674138,0.262110056,0.203653201,0.321343488,0.759218121,1.0,19.0
76,1.0,0.254884134,0.598677932,0.748289279,0.011706401,0.0,0.147731123,0.201042314,0.072834489,0.0,0.111111111,0.160038669,0.119466102,0.0,0.431407665,0.388069705,0.0,1.0,0.011532345,0.151607586,0.077704236,0.0,0.195801752,0.045777333,0.027762892,0.588063231,1.0,0.606939479,0.588808824,0.630377571,0.184382889,1.0,19.0
77,0.0,0.466268171,0.0,1.0,0.489267887,1.0,0.512756345,0.50093187,0.473902303,1.0,0.222222222,0.208551215,0.56604224,0.507621722,0.343754797,0.216487936,0.691638487,0.208370634,0.488944805,0.492004329,0.200907716,0.800402249,1.0,0.0,1.0,1.0,0.362444134,1.0,1.0,1.0,0.0,0.0,19.0
78,0.261862635,0.0,1.0,0.0,0.0,0.731030945,0.0,0.0,0.0,0.8,0.0,0.0,0.0,0.490979216,0.815432636,1.0,0.391099935,0.472235016,0.0,0.0,0.532526475,1.0,0.113054227,1.0,0.768596153,0.0,0.0,0.0,0.0,0.0,0.731389214,0.0,19.0
79,0.066840641,0.362910519,0.51209655,0.677626303,0.801051484,0.921555632,0.456360197,0.450093187,0.798151247,0.9,0.222222222,0.214878938,1.0,1.0,1.0,0.459115282,1.0,0.0,0.801234645,0.431986,1.0,0.553879969,0.0,0.814860533,0.216640961,0.017542922,0.381924131,0.048349552,0.017698131,0.075796961,1.0,0.0,19.0
80,0.236029712,0.809825865,0.184762709,0.45163817,0.451518421,0.735852342,0.743025314,0.772721616,0.42485587,0.747126437,0.352941176,0.325260718,0.524520464,0.478870803,0.0,0.0,0.393482867,0.451030108,0.451262982,0.746448069,0.0,0.350498423,0.502998577,0.038108423,0.151695857,0.773864999,0.573673092,0.792025886,0.773545983,0.812704491,0.092353489,1.0,27.0
81,0.083207792,0.0,0.31634059,0.0,0.586339749,0.904817519,0.264851062,0.114365122,0.546383648,0.931034483,0.205882353,0.126709154,0.268559063,0.622254957,0.837612323,0.528169014,0.434039932,0.413188294,0.586375562,0.239421247,1.0,0.33954148,0.0,1.0,0.0,0.0,0.572428236,0.0,0.0,0.0,0.580798067,1.0,27.0
82,0.0,0.953015725,0.0,0.231009461,1.0,1.0,1.0,1.0,1.0,1.0,1.0,1.0,1.0,1.0,0.551091142,0.784037559,1.0,0.0,1.0,1.0,0.558347955,0.0,0.338718145,0.238104968,0.019888664,0.530634256,1.0,0.618133235,0.531164094,0.70333806,0.440158832,1.0,27.0
83,1.0,0.168765391,1.0,0.736220551,0.0,0.0,0.0,0.0,0.0,0.0,0.117647059,0.178099652,0.0,0.0,0.648523748,0.779342723,0.0,1.0,0.0,0.0,0.061862386,1.0,0.320322437,0.881610731,0.248327386,0.044893119,0.0,0.096304192,0.044521004,0.138730558,1.0,0.0,27.0
84,0.796711362,0.493379272,0.576238928,0.770881226,0.263870548,0.180682878,0.273048205,0.332310117,0.311124214,0.172413793,0.0,0.0,0.402750444,0.186883662,1.0,0.791079812,0.162442945,0.73485878,0.263821504,0.271884416,0.244822913,0.712917573,0.578033336,0.622227663,0.328874717,0.244297634,0.217464999,0.364325819,0.243613958,0.468596509,0.960993858,0.0,27.0
85,0.70299229,1.0,0.594727041,1.0,0.458287076,0.267396532,0.587190077,0.737213258,0.54081499,0.293103448,0.5,0.595886443,0.326693382,0.433429276,0.628498074,1.0,0.146724165,0.750160805,0.458203189,0.596026767,0.18059656,0.568793494,1.0,0.0,1.0,1.0,0.45557165,1.0,1.0,1.0,0.0,0.0,27.0
86,0.217000326,0.205913599,0.261875523,0.015900683,0.570029029,0.731098912,0.535769615,0.526881974,0.32280935,0.732240437,0.428571429,0.404538254,0.654771058,0.566091367,0.1035349,0.138414122,0.190168338,0.692954893,0.56942125,0.531617058,0.318997087,0.012989685,0.056568018,0.523069295,0.0,0.310889493,0.949978709,0.292482365,0.311030372,0.276303797,0.25131159,1.0,33.0
87,0.078313748,0.315453122,0.180377445,0.0,0.388813446,0.889335919,0.777193821,0.772703733,0.052066024,0.863387978,0.80952381,0.81909458,0.050709914,0.7912305,0.033734075,0.038946484,0.134903819,0.784007231,0.388255266,0.778752205,0.012672045,0.140556613,0.510818643,0.043232463,0.105914014,0.88061502,0.836157421,0.866273915,0.880291749,0.852829865,0.0,1.0,33.0
88,0.0,0.414507106,0.0,0.015900683,0.736829356,1.0,1.0,1.0,0.378198737,1.0,1.0,1.0,0.727497223,1.0,0.0,0.0,0.0,1.0,0.736300544,1.0,0.0,0.0,0.565431154,0.0,0.178842676,1.0,1.0,1.0,1.0,1.0,0.059977922,1.0,33.0
89,0.955468205,0.0,1.0,0.689601975,0.0,0.0,0.0,0.0,0.0,0.0,0.0,0.0,0.0,0.0,1.0,1.0,0.934817064,0.019335819,0.0,0.0,0.848839688,1.0,1.0,0.639204471,1.0,0.174132496,0.0,0.196473918,0.173342718,0.217773356,0.977342281,0.0,33.0
90,0.659997777,0.227602458,0.728727183,0.88103122,0.581863799,0.272323711,0.383600364,0.448754767,0.572283151,0.295081967,0.428571429,0.498672438,0.698555558,0.668630512,0.116023686,0.100028019,1.0,0.0,0.581140702,0.378165955,0.52047743,0.593199043,0.668544452,0.436707627,0.623720269,0.291471824,0.329008748,0.302299455,0.290845422,0.31393577,0.63819241,0.0,33.0
91,1.0,1.0,0.583289543,1.0,1.0,0.389946295,0.278649911,0.287557083,1.0,0.371584699,0.285714286,0.302728753,1.0,0.838694388,0.740534721,0.409078173,0.980613624,0.013901448,1.0,0.251286943,1.0,0.335286505,0.0,1.0,0.166734289,0.0,0.566403849,0.0,0.0,0.0,1.0,0.0,33.0
92,0.0,0.0,1.0,0.325034142,0.079469168,1.0,0.0,0.0,0.068689423,1.0,0.75,0.682121501,0.0,0.222249078,0.171459227,0.006622517,1.0,0.0,0.079241676,0.0,0.355355866,0.361443649,0.0,1.0,0.169775889,0.0,0.632791509,0.0,0.0,0.0,0.0,1.0,32.0
93,0.501828574,0.594384245,0.405202804,0.147948612,0.283246071,0.490728089,0.642499958,0.619750867,0.295195954,0.470588235,0.75,0.727272727,0.481516215,0.043812064,0.0,0.0,0.0,1.0,0.283325536,0.66305023,0.0,0.239212965,0.234322667,0.833998557,0.0,0.113175833,0.770868885,0.150870509,0.113239478,0.174945739,0.345953651,1.0,32.0
94,0.134809841,0.129027904,0.608833527,0.0,0.0,0.935293285,0.071477459,0.069089508,0.0,0.882352941,0.0,0.0,1.0,0.0,0.277682403,1.0,0.176209065,0.722034137,0.0,0.081067301,0.092889479,0.0,1.0,0.0,0.10909558,1.0,1.0,1.0,1.0,1.0,0.017879768,1.0,32.0
95,0.71696781,0.851779768,1.0,1.0,0.578207013,0.278593946,0.746083619,0.738153332,0.588074168,0.294117647,1.0,0.977467718,0.0,0.280340691,0.776824034,0.701986755,0.475859358,0.384907685,0.578044991,0.738854704,0.462847612,0.939141605,0.795740139,0.519725928,0.70818064,0.179489038,0.055308737,0.305638034,0.178057422,0.380206014,1.0,0.0,32.0
96,0.897959558,1.0,0.664727227,0.943404536,1.0,0.100393691,0.969691359,0.959291126,1.0,0.058823529,1.0,1.0,0.954211896,1.0,1.0,0.874172185,0.357460421,0.50546387,1.0,0.937218102,1.0,0.835434177,0.497336328,0.90764183,1.0,0.102838915,0.158723201,0.152033687,0.10268227,0.183079287,0.457829844,0.0,32.0
97,1.0,0.927699599,0.0,0.098245614,0.757858742,0.0,1.0,1.0,0.781289507,0.0,0.75,0.768610798,0.476233273,0.674956888,0.670171674,0.311258278,0.319304381,0.549367495,0.758101014,1.0,0.501514687,1.0,0.292714334,0.966982648,0.56666244,0.004893278,0.0,0.04239034,0.004752363,0.066190361,0.428119268,0.0,32.0
98,0.0,0.431105695,0.194959496,0.0,1.0,1.0,0.964303909,0.771729245,0.916088889,1.0,0.866666667,0.798934458,1.0,1.0,1.0,0.098296199,1.0,0.0,1.0,0.961141619,0.919597747,0.125535803,0.0,0.545060933,0.86363811,0.487801387,0.880444945,0.1783101,0.489491086,0.0,0.0,1.0,26.0
99,0.260085468,0.741298498,0.237042907,0.023911229,0.982167813,0.724139554,1.0,1.0,1.0,0.734693878,1.0,1.0,0.953442415,0.895110047,0.618281067,1.0,0.342856109,0.488443754,0.982105588,1.0,0.866152282,0.0,0.174580647,0.437393987,0.0,0.383377671,1.0,0.431814685,0.384762548,0.468760467,0.785671333,1.0,26.0
100,1.0,1.0,1.0,1.0,0.535547258,0.0,0.0,0.517734182,0.819466667,0.0,0.333333333,0.550308008,0.732557907,0.0,0.0,0.0,0.851130886,0.05998559,0.535038186,0.0,1.0,0.97252307,1.0,0.419897759,1.0,1.0,0.040282074,0.842021299,1.0,0.653323596,0.134366799,0.0,26.0
101,0.20422574,0.503555961,0.178271605,0.108967506,0.580294908,0.782521209,0.756740084,0.721969599,0.582666667,0.775510204,0.6,0.606026972,0.497918998,0.774925503,0.580849997,0.750982962,0.16763884,0.721980995,0.580162611,0.850373218,0.41484399,1.0,0.372583783,1.0,0.606573055,0.0,0.0,0.0,0.0,0.079247898,1.0,0.0,26.0
102,0.166704305,0.0,0.0,0.0,0.0,0.821536872,0.039020633,0.0,0.0,0.928571429,0.0,0.0,0.0,0.346667471,0.23015652,0.796854522,0.0,1.0,0.0,0.238415713,0.0,0.782520966,0.972183742,0.0,0.081412167,0.857517987,0.230270892,1.0,0.858643394,1.0,0.675530601,0.0,26.0
103,0.15942558,1.0,0.827731802,1.0,0.791195443,0.837504171,1.0,1.0,0.82716493,0.666666667,1.0,1.0,0.993535572,0.569545584,0.0,0.0,0.383677591,0.555966365,0.791244088,1.0,0.0,0.674004499,0.057480181,0.991112935,0.653514113,0.0,0.279125156,0.008662444,0.0,0.021201204,0.923370233,1.0,16.0
104,0.918802423,0.175624226,0.913298483,0.017106467,0.189220086,0.08114644,0.20080676,0.207465468,0.390585699,0.0,0.0,0.012609729,0.460629534,0.807288046,0.345467907,0.259075908,1.0,0.0,0.189361481,0.221076531,0.643234321,0.462281785,0.0,0.973073966,0.0,0.007075975,0.466721742,0.0,0.00708913,0.0,0.0,1.0,16.0
105,0.640566541,0.199058348,0.896095076,0.856058373,0.565233614,0.35011457,0.26341001,0.259318132,0.712899748,0.166666667,0.222222222,0.233182987,0.464767345,0.698825083,0.26929708,0.193069307,0.260006919,0.691113834,0.56440581,0.260644489,0.681919435,0.530315302,0.198981949,0.479835218,0.568167135,0.110249641,0.412758286,0.105243114,0.110213214,0.106503752,0.147048784,1.0,16.0
106,1.0,0.0,1.0,0.503381986,0.399460561,0.0,0.0,0.0,0.625943227,0.25,0.0,0.0,0.0,1.0,1.0,1.0,0.338940779,0.593283614,0.398847012,0.0,1.0,1.0,0.117175378,1.0,1.0,0.004861283,0.0,0.015604838,0.004816182,0.029638986,1.0,0.0,16.0
107,0.0,0.610549193,0.135627773,0.409627932,1.0,1.0,0.696267444,0.674742381,1.0,1.0,0.444444444,0.413696106,1.0,0.811905389,0.164579859,0.204620462,0.018674746,0.981705823,1.0,0.695647464,0.302017235,0.0,1.0,0.0,0.456197783,1.0,1.0,1.0,1.0,1.0,0.190374171,0.0,16.0
108,0.053417553,0.504323824,0.0,0.0,0.0,0.942873455,0.633025452,0.612475334,0.0,0.583333333,0.222222222,0.210582472,0.533570669,0.0,0.079081993,0.173267327,0.0,1.0,0.0,0.653741119,0.138969994,0.660325603,0.14283559,0.900025382,0.497583007,0.027976615,0.294838009,0.037699209,0.027971385,0.051069738,0.796940693,0.0,16.0
109,0.523063364,1.0,0.0,1.0,0.353596808,0.460812104,1.0,1.0,0.343300915,0.512820513,1.0,1.0,0.055359415,0.466800861,0.0,0.0,1.0,0.0,0.353542639,1.0,0.0,0.0,0.3924327,0.612765182,0.778653368,0.181488795,1.0,0.320034829,0.181479337,0.417939973,1.0,1.0,28.0
110,0.992115578,0.0,0.069330279,0.894501018,0.093383781,0.006919762,0.0,0.0,0.10908695,0.0,0.0,0.0,0.0,0.168603728,0.677011494,0.166848419,0.231350565,0.699331338,0.093380445,0.0,0.381520893,0.047873345,0.0,1.0,0.31421191,0.0,0.912925794,0.0,0.0,0.0,0.756703385,1.0,28.0
111,1.0,0.187084965,1.0,0.859620596,0.0,0.0,0.150976274,0.172528952,0.0,0.025641026,0.555555556,0.621117121,0.049186809,0.0,0.172988506,0.104689204,0.189312816,0.744306786,0.0,0.163761659,0.124482126,0.003065692,0.136735524,0.744256036,0.0,0.128567762,0.995532453,0.13412463,0.128638458,0.141630011,0.547889945,1.0,28.0
112,0.123763993,0.294890541,0.328532822,0.0,1.0,0.86852108,0.636791589,0.500350121,1.0,0.871794872,1.0,0.915234768,1.0,1.0,1.0,1.0,0.868554346,0.032317987,1.0,0.566319403,1.0,0.481436239,1.0,0.0,1.0,1.0,0.589466497,1.0,1.0,1.0,0.071352966,0.0,28.0
113,0.0,0.060723477,0.280811871,0.320209974,0.840546067,1.0,0.459860586,0.281659036,0.799245173,1.0,0.777777778,0.651318623,0.641228188,0.790048367,0.772241379,0.727371865,0.0,1.0,0.840537477,0.387960009,0.981284425,1.0,0.561534106,0.246683615,0.859806957,0.621208423,0.0,0.549826166,0.620928097,0.491457395,0.0,0.0,28.0
114,0.999684147,0.431281519,0.661355658,1.0,1.0,0.002551556,0.354853261,0.60171319,1.0,0.0,0.083333333,0.20072641,0.701992092,0.807980969,0.545758288,0.435483871,0.637213716,0.160534496,1.0,0.266530025,1.0,0.454111919,0.514737247,0.192865614,0.448361046,0.32670969,0.311684761,0.43636606,0.325905519,0.540288648,1.0,1.0,29.0
115,0.291222077,0.115399662,0.292499736,0.011205401,0.123858575,0.695468893,0.221095821,0.284233856,0.140850832,0.580645161,0.0,0.042435698,0.106021422,0.0,0.19055077,0.225134409,0.102427999,0.731614861,0.123596536,0.230260947,0.273216895,0.681863519,0.28564573,0.467300437,1.0,0.253972748,0.201496791,0.192248915,0.253551499,0.133703933,0.03765416,1.0,29.0
116,0.419295605,1.0,0.420929241,0.268381994,0.0,0.958273586,0.0,0.0,0.0,0.935483871,0.0,0.0,0.0,0.140289533,0.0,0.215053763,0.095946966,0.741533969,0.0,0.0,0.34145469,1.0,0.0,1.0,0.627272501,0.0,0.0,0.0,0.0,0.0,0.855265372,1.0,29.0
117,1.0,0.631828471,1.0,0.837861525,0.815093572,0.0,0.572961946,0.832215167,0.843264249,0.064516129,0.583333333,0.704951449,0.873597918,0.826168357,0.110623858,0.628360215,1.0,0.0,0.815017797,0.514918117,0.635550695,0.0,1.0,0.0,0.673262385,1.0,0.692402984,1.0,1.0,1.0,0.0,0.0,29.0
118,0.0,0.185951433,0.0,0.0,0.851394279,1.0,0.467782444,0.456631125,0.678415599,1.0,0.5,0.483025721,1.0,1.0,1.0,1.0,0.493985193,0.246973022,0.851639137,0.408132758,0.751341352,0.291709717,0.394041517,0.513819403,0.472541602,0.4330411,0.41892167,0.385406821,0.432500895,0.340382835,0.020611706,0.0,29.0
119,0.331854443,0.0,0.639227533,0.16064527,0.407418997,0.952946835,1.0,1.0,0.329220071,0.838709677,1.0,1.0,0.493965461,0.428702835,0.002975724,0.0,0.0,1.0,0.41029322,1.0,0.0,0.493859129,0.381193069,0.292045843,0.0,0.571679928,1.0,0.697385589,0.579078479,0.814052778,0.71559444,0.0,29.0
120,0.0,0.866516649,0.0,0.226713533,1.0,1.0,1.0,1.0,0.960558487,1.0,1.0,1.0,1.0,0.798378942,0.221734358,0.020255864,1.0,0.0,1.0,1.0,0.386194879,0.0,0.117014527,0.0,0.0,0.794672129,1.0,0.527705136,0.796463356,0.395561393,0.313536954,1.0,11.0
121,0.416465165,0.0,0.265059332,0.0,0.035117605,0.552668465,0.115587266,0.0,0.0,0.519417476,0.075,0.0,0.087459172,0.228992024,0.0,0.0,0.058266641,0.909046873,0.035253308,0.150635945,0.111913029,0.381309497,0.0,1.0,0.211349363,0.052830123,0.556090956,0.06827485,0.053392618,0.074567225,1.0,1.0,11.0
122,0.696670477,0.258800697,0.624442438,0.106598985,0.0,0.279935748,0.146064441,0.155243961,0.03931283,0.27184466,0.1,0.114839,0.0,0.0,0.505061593,0.10554371,0.51460326,0.371385397,0.0,0.182810492,0.0,1.0,0.191463874,0.981304527,0.517225422,0.0,0.0,0.0,0.0,0.0,0.922945369,1.0,11.0
123,0.85542513,0.171325876,1.0,0.138461538,0.265823141,0.134470897,0.0,0.003407155,0.418993695,0.165048544,0.0,0.013220961,0.238366375,0.572569069,0.439687767,0.102345416,0.278730724,0.618722942,0.265762694,0.0,0.809256297,0.074052825,1.0,0.202110167,0.111585786,1.0,0.962444797,1.0,1.0,1.0,0.992992787,0.0,11.0
124,0.916264836,1.0,0.439850207,0.284436494,0.573305132,0.077377141,0.507747188,0.782029441,0.829429932,0.077669903,0.25,0.394409239,0.46282625,0.685720915,0.104646908,0.069296375,0.0,1.0,0.572982307,0.508617441,0.450656055,0.364347478,0.175165714,0.696051685,0.010946069,0.648666402,0.644587629,0.322727858,0.649841694,0.148202593,0.049482162,0.0,11.0
125,1.0,0.781082143,0.546285604,1.0,0.680583252,0.0,0.298352797,0.508627091,1.0,0.0,0.0,0.069578924,0.408636214,1.0,1.0,1.0,0.841096525,0.090762715,0.680350532,0.282693435,1.0,0.152915264,0.445817984,0.589509015,1.0,0.943247835,0.917089885,0.524462721,0.945041286,0.296989274,0.0,0.0,11.0
126,0.0,0.0,0.446489434,0.0,0.273586595,1.0,0.014324918,0.0,0.0,1.0,0.428571429,0.376334073,0.0,0.994725749,0.847912525,0.401700319,0.526148818,0.284586201,0.27490238,0.029985024,0.738280792,0.124317873,0.048349615,0.832938982,0.049072614,0.363234557,0.710093226,0.197954193,0.362879228,0.09350383,0.0,1.0,10.0
127,0.396213525,0.102528638,0.708697462,1.0,1.0,0.535230458,0.0,0.035129635,1.0,0.545454545,0.142857143,0.114676599,1.0,0.321343156,1.0,1.0,1.0,0.0,1.0,0.0,1.0,0.090616025,0.021939637,0.985247258,0.0,0.0,0.64756254,0.08350252,0.0,0.311800656,1.0,1.0,10.0
128,0.450030477,0.552099124,0.0,0.146531602,0.389248199,0.485957586,1.0,1.0,0.317905563,0.5,0.714285714,0.705823365,0.017256931,0.0,0.055728131,0.0,0.0,1.0,0.387335363,0.908928839,0.106072033,0.519489646,0.0,1.0,0.348507257,0.121548859,0.296767757,0.0,0.1211847,0.0,0.260854562,1.0,10.0
129,0.431311183,1.0,0.017348696,0.454063263,0.158877563,0.497091031,0.944588783,0.945314574,0.049088359,0.5,1.0,1.0,0.570370624,0.613118282,0.0,0.472901169,0.155436069,0.651587417,0.160983481,1.0,0.0,1.0,1.0,0.926206966,1.0,0.298150344,0.0,0.436484284,0.297119524,0.702363695,0.737393599,0.0,10.0
130,0.260237811,0.595638069,0.210950081,0.263870727,0.41348814,0.693464141,0.572614551,0.563932395,0.269284712,0.681818182,0.714285714,0.691282859,0.431352289,1.0,0.369035785,0.836344315,0.185483369,0.637036116,0.415093352,0.61650573,0.298758107,0.0,0.587919926,0.0,0.066583147,1.0,1.0,1.0,1.0,1.0,0.081363357,0.0,10.0
131,1.0,0.101388972,1.0,0.191101408,0.0,0.0,0.111633996,0.202194496,0.045815802,0.0,0.0,0.0,0.380840708,0.32851688,0.32734841,0.590860786,0.058062692,0.863132686,0.0,0.066093394,0.617443478,0.711489361,0.611456356,0.99929392,0.537591411,0.326775386,0.258794236,0.392292823,0.326008973,0.579778318,0.552771232,0.0,10.0
132,0.0,0.75286312,0.0,0.310120863,1.0,1.0,1.0,0.954888474,1.0,1.0,0.88,0.71846026,1.0,1.0,0.774251141,0.640540541,1.0,0.0,1.0,1.0,0.692692368,0.670043843,0.59508985,0.162835736,0.0,0.288445776,0.130331635,0.229640171,0.285179196,0.1941668,0.0,1.0,12.0
133,0.859816184,1.0,0.576542026,1.0,0.187002266,0.127466519,0.834322384,1.0,0.283262595,0.184357542,1.0,1.0,0.517574541,0.265447229,0.0,0.0,0.0,1.0,0.186816451,0.875194424,0.0,0.247632845,1.0,0.210957457,1.0,0.524499424,0.485010713,0.504083032,0.521670012,0.494031698,0.38812891,1.0,12.0
134,0.611440771,0.798801232,0.834983498,0.291450485,0.14982132,0.123733878,0.436671824,0.546573473,0.238912468,0.027932961,0.74,0.78106017,0.558968808,0.396694247,0.231104939,0.597297297,0.219580733,0.612233183,0.150248656,0.455757947,0.380275878,0.0,0.601585493,0.0,0.048176862,1.0,1.0,1.0,1.0,1.0,0.459234364,1.0,12.0
135,0.315654313,0.151075419,0.966465459,0.876474752,0.046793146,0.662129548,0.191911696,0.165214001,0.0,0.687150838,0.16,0.117931667,0.319558118,0.503786999,0.210077366,0.494594595,0.119935869,0.765261998,0.046955859,0.208696902,0.574913542,1.0,0.0,1.0,0.09838639,0.0,0.0,0.0,0.0,0.0,0.863422699,0.0,12.0
136,0.576245366,0.0,1.0,0.0,0.08988445,0.400073933,0.0,0.0,0.104754875,0.441340782,0.0,0.0,0.206228572,0.632468023,0.87165245,1.0,0.392821432,0.411138276,0.089970108,0.0,1.0,0.878057259,0.3862924,0.608436129,0.027893662,0.04724543,0.03850316,0.058565245,0.046648013,0.064579399,1.0,0.0,12.0
137,1.0,0.104459919,0.660852713,0.40430132,0.0,0.0,0.001380166,0.071315196,0.083717783,0.0,0.06,0.115118187,0.0,0.0,1.0,0.613513514,0.178291901,0.67990023,0.0,0.007560568,0.840082921,0.74197884,0.72362653,0.349740992,0.085752617,0.194341161,0.095922915,0.167879345,0.191845307,0.153932724,0.25644628,0.0,12.0
138,1.0,0.0,0.987570976,0.0,0.0,0.0,0.0,0.0,0.0,0.024096386,0.0,0.0,0.0,0.0,0.603942652,0.0,0.597228959,0.247416426,0.0,0.0,0.058380683,0.2000822,0.0,0.892282834,0.003770727,0.0,0.707922703,0.0,0.0,0.0,0.33115646,1.0,13.0
139,0.649019421,0.465068713,0.62273176,0.118131868,0.336536201,0.335135696,0.473777523,0.508444911,0.349722164,0.385542169,0.303030303,0.29324461,0.327372146,0.20476405,0.622995661,0.059854015,1.0,0.0,0.336467772,0.494246074,0.016969801,0.208092661,0.484387049,0.181474934,0.473913942,0.430902104,0.715641696,0.394880663,0.430555269,0.364837528,0.038570647,1.0,13.0
140,0.0,1.0,0.603704513,1.0,1.0,1.0,1.0,1.0,1.0,1.0,1.0,0.954300812,1.0,1.0,1.0,0.129927007,0.73410593,0.150946925,1.0,1.0,0.472384814,0.0,0.909755593,0.0,0.0,1.0,1.0,1.0,1.0,1.0,0.151450162,1.0,13.0
141,0.684245109,0.746757094,0.0,0.335509554,0.892521724,0.296991617,0.72123358,0.800764272,0.980129423,0.265060241,0.727272727,0.764751933,0.582157834,0.688295538,0.0,0.693430657,0.0,1.0,0.891294162,0.519355404,1.0,1.0,1.0,1.0,1.0,0.078029935,0.0,0.038309809,0.077171773,0.005747219,0.0,0.0,13.0
142,0.903320711,0.766703713,1.0,0.40936,0.377696483,0.090959859,0.540328991,0.62288148,0.422838855,0.0,0.909090909,1.0,0.389399256,0.738867921,0.301924165,1.0,0.211746604,0.634574269,0.377611724,0.564908286,0.0,0.525071836,0.829182929,0.786164959,0.572016215,0.090803563,0.376301963,0.193274188,0.090386512,0.266458825,1.0,0.0,13.0
143,0.0,1.0,0.0,0.0,1.0,1.0,1.0,1.0,1.0,1.0,0.8,0.737348214,1.0,1.0,0.315964523,0.277087034,0.887655796,0.053682832,1.0,1.0,0.512930864,0.0,0.665195776,0.061925109,0.114349908,1.0,1.0,1.0,1.0,1.0,0.2649423,1.0,8.0
144,0.461967253,0.613269092,0.462740385,0.601134052,0.343191662,0.523729326,0.52694891,0.541424786,0.347259823,0.615384615,0.6,0.570646452,0.243500472,0.378779255,0.041512688,0.0,0.0,1.0,0.343187564,0.534546317,0.0,0.211988325,0.901214199,0.0,0.268277404,0.962355426,0.766907577,0.977090649,0.961820985,0.992393486,0.300361286,1.0,8.0
145,0.277523572,0.539991695,0.566860465,0.035237283,0.355774795,0.714014812,0.495809152,0.497901224,0.351210946,0.692307692,0.6,0.564469713,0.248232511,0.330977721,0.0,0.456483126,0.365374765,0.422912386,0.355788248,0.501780103,0.115778945,0.195545675,0.551389646,0.425955267,0.586661631,0.766037091,0.790117907,0.605558302,0.765773374,0.445461066,0.0,1.0,8.0
146,0.627432997,0.561630337,0.642326158,0.702818627,0.494925252,0.359173101,0.470164075,0.490667143,0.517231287,0.346153846,1.0,1.0,0.240995358,0.481989617,0.009608278,0.021314387,0.820776116,0.089799858,0.494873955,0.467780898,0.624550875,1.0,0.231976527,0.987447615,0.194480654,0.0,0.0,0.0,0.0,0.0,1.0,0.0,8.0
147,1.0,0.0,1.0,0.12462056,0.0,0.0,0.0,0.0,0.0,0.0,0.0,0.0,0.0,0.0,1.0,1.0,0.962999098,0.0153675,0.0,0.0,0.628894066,0.435680113,0.0,1.0,0.0,0.059130613,0.490090977,0.04448505,0.059233805,0.035961065,0.814195219,0.0,8.0
148,0.704336819,0.356287701,0.765836557,1.0,0.384373677,0.284144049,0.27654481,0.287815189,0.403307236,0.346153846,0.6,0.59268618,0.239760363,0.159840604,0.809928554,0.611012433,1.0,0.0,0.384357522,0.271299796,1.0,0.320208746,1.0,0.368954264,1.0,0.428636813,0.628859063,0.502077373,0.428507557,0.57024861,0.676287858,0.0,8.0
149,1.0,0.0,0.81168903,0.066595365,0.0,0.0,0.0,0.0,0.0,0.0,0.0,0.0,0.0,0.0,0.0,0.0,0.290732274,0.49931641,0.0,0.0,0.0,0.0,0.0,0.168390871,0.132985276,0.445537622,1.0,0.436185031,0.446314059,0.435433235,0.421730882,1.0,9.0
150,0.871895369,0.183881586,1.0,0.12533614,0.280546598,0.11840096,0.185624939,0.186836969,0.288848909,0.125,0.292682927,0.302959386,0.316095913,0.407891088,0.434824319,0.304635762,0.341848707,0.444172393,0.280553672,0.180378324,0.394595186,1.0,0.12680065,1.0,1.0,0.0,0.0,0.0,0.0,0.0,0.0,1.0,9.0
151,0.550039409,1.0,0.0,1.0,1.0,0.44169871,1.0,1.0,1.0,0.465277778,1.0,1.0,0.915526021,1.0,0.654275093,0.620309051,0.478832523,0.310498443,1.0,1.0,0.585597504,0.103385364,0.768688846,0.367985594,0.790526515,0.586294868,0.897077867,0.650697659,0.586677174,0.683752302,0.750865605,1.0,9.0
152,0.240803077,0.469417403,0.32671432,0.52021767,0.749579008,0.742920066,0.583076237,0.517419163,0.70527195,0.756944444,0.609756098,0.532482152,0.941898167,0.891969888,0.2748531,0.236203091,0.0,1.0,0.749517301,0.566750086,0.735361203,0.482082133,0.573566584,0.328822386,0.20363338,0.348976269,0.481454297,0.420390353,0.348612852,0.459564315,0.668644412,0.0,9.0
153,0.0,0.244325806,0.138061919,0.0,0.651895713,1.0,0.473866341,0.370894509,0.57904713,1.0,0.682926829,0.564860622,1.0,0.879499884,0.587960187,0.280353201,0.634153422,0.194738407,0.651926155,0.459364191,0.718044633,0.113118942,1.0,0.0,0.0,1.0,0.9086843,1.0,1.0,1.0,0.718113985,0.0,9.0
154,0.232730025,0.219378886,0.399302349,0.249346635,0.76947557,0.892990212,0.451357226,0.362577442,0.707071032,0.895833333,0.56097561,0.458245697,0.956616361,0.828479507,1.0,1.0,1.0,0.0,0.769914292,0.42371104,1.0,0.686848026,0.502569896,0.313006018,0.283795729,0.261450091,0.268844675,0.427812632,0.261263278,0.508296566,1.0,0.0,9.0
155,0.371991122,0.548032378,1.0,0.0,0.583260735,0.795208234,0.49855655,0.580112666,0.639599885,0.0,0.0,0.157348764,0.340499975,0.045281687,0.440934141,0.0,0.899637879,0.971918856,0.842570638,0.529688493,0.0,0.081748028,0.384885491,0.618041699,0.299899583,0.13155131,0.488557914,0.18782683,0.0,0.159103286,0.064874768,1.0,4.0
156,1.0,0.63485509,1.0,0.989286655,0.100538671,0.0,0.104330917,0.513870259,0.444130071,0.0,0.037951861,0.327869059,0.068528209,0.0,0.281843861,1.0,0.405212419,0.383025546,0.0,0.178551152,0.292505615,0.020489219,0.959911978,0.327547286,0.0,0.0,0.839000479,0.765492423,0.820907141,0.782817704,1.0,1.0,4.0
157,0.488710992,0.043631489,1.0,0.269926109,0.368823257,0.699579627,0.137391375,0.217122671,0.971596302,0.590920795,0.0,0.266986969,0.842925016,0.266418227,0.632303806,1.0,0.863647108,0.08528017,0.264198323,0.368014994,0.070956444,0.0,0.250491871,0.103572435,0.323557415,0.630420705,0.927995302,0.413582416,0.183958867,0.837544326,0.400143633,0.0,5.0
158,0.467469954,0.0,1.0,1.0,0.450451918,0.0,0.0,0.0,0.0,0.0,0.0,0.33761178,0.0,0.918106593,0.131171725,0.300022156,0.671009007,0.550227692,0.27096039,0.0,0.218391467,0.65061261,0.0,0.611776975,0.0,0.110695588,1.0,0.148896462,0.238671485,0.053591891,0.867997066,1.0,5.0
159,0.213607957,0.052939537,0.152328953,0.233135342,0.359479071,0.782281162,0.354814811,0.206855402,0.374236199,0.645681532,0.126220813,0.0,0.205120323,0.035612974,0.499243348,0.745453471,0.196402673,0.373070244,0.306736755,0.354943853,0.0,0.0,0.55651404,0.032772939,0.009189374,0.683551541,1.0,0.778280812,0.332178702,0.406239954,0.958158322,1.0,6.0
160,0.395140455,0.0,0.427782837,0.010807701,0.126195086,1.0,0.942920139,0.034671395,0.586548765,0.695831686,0.384098326,0.0,1.0,0.509854252,1.0,0.582899428,0.977104027,0.094710602,0.0,0.618396173,0.0,0.203017774,0.288046631,0.0,0.0,0.635434158,0.460185373,1.0,1.0,0.68187466,0.418200183,1.0,6.0
161,1.0,0.185347219,0.773829428,0.885772062,0.0,0.0,0.835694974,0.0,0.443902698,0.0,0.654148919,0.207443403,0.200956268,0.130251707,0.031703787,0.361948512,0.04253989,1.0,0.531260572,0.292706911,0.518656211,0.476993667,1.0,0.0,0.12230542,0.0,0.724575348,0.427202168,1.0,0.623075699,0.201089191,0.0,7.0
162,0.212721002,0.464287607,0.279349075,0.166090296,0.0,0.807095623,0.09711117,0.0,0.031219329,0.0,0.294545606,0.132102419,0.0,0.152269889,0.220469855,0.107943229,0.0,0.903167569,0.0,0.270534106,0.0,0.154052645,0.792159741,0.0,0.197376897,0.820574562,1.0,0.838917431,0.79633132,1.0,0.528119319,1.0,7.0
163,0.948131069,0.343476024,1.0,0.781532207,1.0,0.281349436,0.836390995,1.0,0.711368365,0.946159526,0.726479798,0.687702527,0.630216897,0.99298433,0.205046257,0.08901041,0.557219604,0.547747469,0.981515625,0.569863004,0.355673115,0.89460726,0.445647569,0.437629326,1.0,0.109529201,0.501496194,0.611919219,0.782667827,0.297594637,0.783523959,0.0,8.0
164,0.700557888,0.0,0.496616457,0.314213081,0.819800313,1.0,0.0,0.420689716,0.716008805,0.596852578,0.0,0.184397896,0.945937683,0.534809772,1.0,0.501242653,1.0,0.0,1.0,0.979535103,0.838541022,0.493884793,0.149613198,0.2719345,0.719311298,0.601833028,0.778331184,0.287658522,0.912268907,0.540423144,0.646040675,1.0,8.0
165,0.209828171,0.649204413,0.520617005,0.444639162,0.0,0.65224648,0.0,0.0,0.280033685,1.0,0.154962154,0.729780644,0.0,0.647954046,0.128499776,0.420309561,0.221661427,0.86655624,0.202825595,0.0,0.0,0.006134324,0.358080919,0.015343298,0.291577233,0.054848937,0.409333107,0.303486902,0.0,0.0,0.064025686,1.0,9.0
166,0.413460135,0.663521341,0.217080661,0.93289307,0.097107765,0.413526892,0.0,0.342991923,0.181568704,0.0,0.0,0.0,0.278157944,0.142270275,0.601892959,0.891813673,1.0,0.354471019,0.674308571,0.093686205,0.889057443,0.069372833,0.0573884,0.0,0.009407117,0.213028471,0.429522496,0.0,0.593626467,0.370811743,0.0,1.0,9.0
167,0.456705783,0.197453788,0.84101777,0.001249151,1.0,0.914793075,0.195770127,0.650797882,1.0,0.887257342,1.0,1.0,0.685088079,0.981788638,0.0,0.0,0.805708578,0.284353337,0.529154153,0.507927807,0.07601496,0.053134868,1.0,0.0,0.838431686,1.0,0.806847891,1.0,0.786768005,0.756022151,0.0,0.0,11.0
168,1.0,0.094135179,0.473226552,0.132935825,0.0,0.199629231,0.0,0.127720159,0.408456246,0.521210829,0.409375048,0.538124857,0.873248312,0.0,0.0,0.0,0.0,0.702522277,0.0,0.0,0.132930988,0.591812424,1.0,0.0,0.245687827,0.547870512,0.625457377,0.0,0.876789005,0.117988581,0.172198282,0.0,11.0
169,0.589332043,0.068693947,0.560215996,1.0,0.350889096,0.0,0.0,0.651264627,0.613717804,0.538393927,0.224532139,0.60470508,0.769786329,0.516117662,0.695513914,0.827841289,0.462775418,0.29997076,0.687774126,0.702236482,0.581389087,0.905065307,0.525911672,0.921612623,0.552198033,0.0,0.685157677,0.200526636,0.08124789,0.221463557,0.0,0.0,12.0
170,1.0,0.569846255,1.0,0.458662112,0.035637857,0.0,0.0,0.287602199,0.343981228,0.0,0.0,0.040690084,0.162527572,0.0,0.0,0.0,1.0,0.0,0.165432282,0.0,0.365635662,0.329887882,0.298944364,0.111990002,0.283672771,0.924747066,0.464096736,0.921982755,0.58881916,0.088588694,0.129225514,1.0,12.0
171,0.559522836,0.78208973,0.303374757,0.154113673,0.672266947,0.0,0.71265328,0.458397955,1.0,0.888202427,0.567609394,0.34053542,0.77258739,1.0,1.0,0.710003392,0.08542478,0.14943451,0.910506956,0.846242642,0.429956885,1.0,0.409205622,0.083737776,0.180815389,0.310585897,0.122085419,0.0,0.890489682,0.067267964,0.632995366,0.0,13.0
172,0.644673681,0.204844126,1.0,0.415971337,0.065930293,0.0,0.31678136,0.390080878,0.030963088,0.101553614,0.0,0.477000786,0.0,0.0,1.0,0.262512002,0.296810088,0.718707266,0.0,0.0,0.18768629,0.604655707,0.202289215,0.677103888,0.191321406,0.0,0.4170664,0.0,0.0,0.0,0.978515872,1.0,13.0
173,1.0,1.0,0.974833825,0.692538318,0.586250191,0.0,0.757826474,0.823488432,0.0,0.315457211,0.0,0.636353551,0.241112416,0.247126807,0.0,0.0,0.162138394,0.07705118,0.0,0.495630774,0.0,0.429017676,0.402153334,0.91379111,1.0,1.0,0.433948176,0.74144145,0.039008835,1.0,0.166175317,0.0,16.0
174,0.217231446,0.056339052,0.766851218,0.661849047,0.0,0.0,0.084575463,0.0,0.01613726,0.068576339,0.744060551,0.45579285,0.0,0.135234077,0.671202013,0.406013969,0.0,1.0,0.0,0.047124351,0.865651011,0.274438732,0.640146162,0.0,0.0,0.0,0.649919387,0.70043589,0.652943275,0.173073215,0.874450767,0.0,16.0
175,0.28946565,0.0,0.747196557,0.0,0.456011997,1.0,0.307733972,0.629074394,0.456969919,0.888544107,0.349869855,0.415624315,0.800600636,0.28470939,0.131626594,0.355388642,0.0,0.542078836,0.396191355,0.157599474,0.144572769,0.80842787,0.080610215,1.0,0.308828203,0.0,0.554377511,0.116538836,0.358147292,0.026117488,0.730193124,0.0,19.0
176,0.12546473,0.408692398,0.074317153,0.824918748,0.828361196,0.295469392,0.948318116,0.79746611,0.585537069,0.300259347,1.0,1.0,0.0,0.556897336,0.179986635,0.0,0.24516391,0.538956473,1.0,0.150638046,0.185659918,0.0,1.0,0.054824081,1.0,0.346976276,0.381452569,0.289414014,1.0,1.0,1.0,0.0,19.0
177,0.604236417,0.925815144,0.925248276,0.224827346,0.567864078,0.604313832,0.228216716,1.0,0.822321735,1.0,1.0,0.207280959,0.76104884,0.522146903,0.0,0.398829534,0.740310284,0.221412645,0.334221856,0.674374568,0.0,1.0,0.709075321,0.410209367,0.161064085,0.063874865,0.0,0.243885426,0.356780425,0.0,0.347389405,1.0,20.0
178,0.861180276,0.717135211,1.0,1.0,1.0,0.516296242,0.89048775,0.919464853,0.501243404,0.037619615,0.602245869,0.940971155,0.909698778,1.0,0.193147633,0.197777741,0.177802313,1.0,1.0,1.0,0.0,0.796729098,0.665148406,0.104291439,0.466655214,1.0,0.330929422,0.615067766,0.879791123,0.820637581,0.0,0.0,20.0
179,0.364594654,0.0,0.264050829,0.931522951,1.0,0.0,1.0,0.846009448,0.539422575,0.722719099,0.413898065,1.0,0.64766704,0.71366042,0.232357803,0.0,0.706738948,0.155565027,1.0,1.0,1.0,0.36555752,0.0,0.202259691,0.208652782,0.085454641,1.0,0.58270133,0.434135666,0.45930414,0.20636691,1.0,21.0
180,0.497245218,0.094803215,0.189734337,0.0,0.0,0.533171814,0.117747071,0.241744112,0.429739868,0.856573964,0.165531899,0.923399006,0.786522027,0.403933676,0.772375362,1.0,0.451654952,0.979828599,1.0,0.549248965,0.23432019,1.0,0.949576185,0.058819945,0.012765939,0.0,0.427823426,0.642110615,0.0,1.0,0.682641915,0.0,21.0
181,1.0,0.745830336,0.611301493,0.446431202,0.0,0.064576147,0.807301775,0.767486043,0.58187335,0.27236012,0.0,0.606030511,0.0,0.453692718,0.206182774,0.0,0.003887873,0.968879336,0.769121831,0.353777319,0.223420506,1.0,0.395946531,0.436852585,1.0,0.802746177,0.0,0.555451706,0.045601505,0.564561058,0.957904679,0.0,22.0
182,0.059063486,0.382200858,1.0,0.081669847,0.45393114,0.0,0.726775658,0.888584828,0.822459415,0.0,0.341756511,1.0,0.305245127,0.0,0.0,0.0,0.0,0.741124072,0.173851186,0.858703223,0.121398618,0.462590803,1.0,0.064323679,0.093069537,0.915057598,0.942772939,0.779883948,0.185852602,0.718023932,0.0,1.0,22.0
183,0.162347462,0.405038595,0.14425742,0.539828299,0.27956765,1.0,0.0,0.102958693,0.089308362,1.0,0.007812074,0.0,0.231141991,0.067874042,1.0,0.245801096,0.0,0.298612032,0.0,0.0,0.13886174,0.0,0.447739891,0.0,0.0,0.576245924,0.189258023,0.328548889,0.66604477,0.304502975,1.0,1.0,23.0
184,0.0,0.61406111,0.550099301,1.0,1.0,1.0,0.0,1.0,0.559217838,0.991523465,0.079758896,0.165690597,0.754725101,0.0,0.729341967,0.985652889,0.023392834,0.373014763,0.254063194,0.290520582,0.0,0.590517106,1.0,0.268249038,0.391120771,1.0,1.0,1.0,1.0,1.0,0.925978343,0.0,23.0
185,0.5294332,0.0,0.368193979,0.0,0.167505065,0.745298504,0.725200661,0.874369192,0.457924491,0.303120777,0.289626694,0.80727925,0.0,1.0,0.406657561,0.207708129,0.0,0.159224713,0.864347896,0.828620847,0.652806671,1.0,0.725365426,0.589094213,0.503824316,0.0,0.293972515,0.303247279,0.0,0.104425689,1.0,0.0,24.0
186,0.0,1.0,0.000672006,0.484436154,1.0,1.0,0.483785102,0.718603674,0.605630829,1.0,1.0,1.0,1.0,1.0,0.0,0.982094574,0.285923856,0.755784398,1.0,0.909222513,0.342517983,0.0,0.631787463,0.0,0.214251509,1.0,1.0,0.551163157,0.901182417,1.0,0.081602483,1.0,24.0
187,0.275830232,0.794440062,0.010838289,0.043766418,0.99552529,1.0,0.703054228,1.0,1.0,1.0,0.0,0.130858764,1.0,1.0,1.0,0.55237587,0.933771617,0.0,1.0,1.0,0.981713592,0.923018593,0.0,0.368033704,0.03630528,0.0,0.733799114,0.37712955,0.190700084,0.587222535,0.919273064,1.0,26.0
188,0.376155635,1.0,0.0,0.468219129,0.559436093,0.176035675,0.587158828,0.891516155,0.888931996,0.544529199,0.0,0.082287771,0.0,0.566533997,0.022742705,0.0,0.119531473,1.0,0.530771629,0.72302975,0.128595596,0.841820693,1.0,0.0,1.0,1.0,0.843215791,0.736562822,1.0,1.0,0.405385492,0.0,26.0
189,0.000891383,1.0,0.224273236,0.769473541,1.0,0.602972446,0.788870271,1.0,0.898954009,0.0,1.0,0.975122613,0.226771942,0.349556496,0.161628598,0.0,1.0,0.288096963,1.0,1.0,0.267300525,0.262623804,0.377484176,0.289183904,0.834117905,0.479620499,1.0,1.0,0.819855499,0.254348232,0.820686552,1.0,27.0
190,0.212322039,0.027755276,0.0,0.043538897,0.437059146,1.0,0.435281324,0.026531713,0.35134179,1.0,0.0,0.956885921,0.0,0.831625775,1.0,0.50584411,0.083818127,0.855376313,0.76926574,0.723383252,0.647366606,0.0,0.034545803,0.0,0.0,0.531434026,0.630037784,0.0,0.208298934,0.382866181,1.0,1.0,27.0
191,1.0,0.337068655,0.917085591,0.430110544,0.676193706,1.0,0.358748197,0.0,0.495159181,0.672927812,0.0,0.0,0.0,0.900452,1.0,0.16197298,0.59691425,0.438359003,0.148738149,0.830373493,0.977825938,0.342608032,0.442969365,0.54781018,0.0,0.350973538,0.328064664,0.0,0.0,0.0,0.741398689,1.0,28.0
192,1.0,0.018682413,1.0,0.969789676,0.0,0.43624558,0.0,0.0,0.184648808,0.0,0.40216993,0.062281436,0.054934063,0.192905133,1.0,0.0,0.251226474,0.245512284,0.102323545,0.0,0.571427892,1.0,0.457576391,1.0,0.847581538,0.203515984,0.126399705,0.789057439,0.0,0.277017646,0.0,0.0,28.0
193,0.016682027,0.669116881,0.222676703,0.0,0.005980476,0.389819717,0.217898854,0.603277451,0.309248421,0.259940865,0.050399573,0.874485935,0.376465348,0.0,0.0,0.004219033,0.0,0.371247685,0.0,0.386198722,0.0,0.453752681,0.795324898,0.0,0.534568291,1.0,0.22363169,1.0,0.954006514,0.889978392,0.0,0.0,29.0
194,0.282324912,1.0,1.0,0.119524663,0.203354369,1.0,0.998603202,1.0,1.0,0.535312837,0.760970688,0.78948277,1.0,0.553625798,0.19519445,0.78697389,0.910214803,0.027891214,0.698167842,0.975851007,0.167716317,0.278200422,0.389283304,0.622903673,0.311117364,0.338489677,0.413500692,0.883841294,0.820983391,0.250628063,0.24769759,0.0,29.0
195,0.0,0.62058681,0.001494579,0.220112787,0.298761253,1.0,0.588511351,0.547725207,1.0,0.809162119,1.0,1.0,1.0,1.0,0.638740507,0.0,0.0,0.662113608,1.0,1.0,0.160036497,0.005898418,0.99166297,0.0,0.058106617,1.0,1.0,1.0,1.0,1.0,0.250870489,1.0,30.0
196,0.183432777,1.0,0.728020533,0.824809014,1.0,0.899955845,0.0,0.787662636,0.619928153,0.481968933,0.879289286,0.603242647,0.599461259,0.838847713,0.0,0.796547653,0.0,0.020830825,0.160212033,0.426455794,0.373154523,0.0,0.700311084,0.324428237,0.289271335,0.962702933,1.0,0.777885537,1.0,1.0,0.62332963,0.0,30.0
197,0.032755277,0.0,0.0,0.0,0.359492959,1.0,0.958039425,0.54346419,1.0,0.940260084,0.727749677,0.290358109,0.97986274,0.922808177,0.43663975,0.072656274,0.653787272,0.0,0.646090694,0.466048087,0.750307704,0.630165402,0.227873186,1.0,0.258103491,0.475737734,0.524266719,0.0,0.0,0.331906806,0.558752337,0.0,31.0
198,0.105766252,0.611712391,0.0,0.400175876,0.517566882,1.0,0.0,0.0,0.381342626,1.0,0.807576816,0.709825874,0.419827194,0.433783634,0.856845918,0.278026309,0.559255046,0.392805198,0.290181557,0.186945395,0.464976487,0.351882242,0.0,0.325936313,0.104450696,0.854533423,1.0,0.594841388,0.579009642,0.0,0.199152011,1.0,31.0
199,0.389971805,0.717010099,0.0,0.461253124,0.612064768,0.100130108,0.431452152,0.293802815,0.059560197,0.924102353,0.0,0.450817875,0.875403788,0.623956651,0.405677293,1.0,0.0,0.780353978,0.524948462,0.439632856,0.964484928,0.063771652,1.0,0.360485964,0.196104476,0.567919151,0.400759726,0.0,0.947256113,0.407217297,0.188662233,1.0,32.0
200,1.0,0.268652324,1.0,0.789224785,0.22871765,0.182494325,0.836003352,0.480805205,0.028972827,0.275220286,0.0,0.03833753,0.59968733,0.80586752,0.307241145,0.0,0.213853707,1.0,0.470902858,0.940025158,0.0,0.865306769,0.898973987,0.78406184,0.202904875,0.682787666,0.464115315,0.0,0.968430769,1.0,0.004978815,0.0,32.0
201,0.0,0.923063746,0.20127904,0.022822275,1.0,1.0,0.949167825,1.0,1.0,1.0,1.0,1.0,0.74850495,1.0,1.0,0.243704437,1.0,0.0,1.0,0.830892624,0.601886565,0.703048431,0.835069399,0.03779569,0.399677646,0.637577883,0.998597978,1.0,0.387454126,0.752406935,0.553557402,0.0,33.0
202,0.328520752,0.417057004,0.0,0.158455774,0.692044232,0.712544715,0.23712284,1.0,0.552592161,0.099831855,0.0,0.859219502,0.197067718,1.0,0.126759796,0.0,0.770603896,0.438110959,0.734082743,1.0,0.82659508,0.733917987,0.0,0.894910154,0.068951948,0.099447266,0.0,0.207306205,0.164956246,0.102950806,0.060390994,1.0,33.0
203,0.406960295,1.0,0.0,1.0,0.770973981,1.0,0.635839115,0.576612388,0.622364821,0.0,1.0,0.755390119,0.857424367,1.0,0.807347379,0.319661398,0.718941352,0.90323747,0.494657029,1.0,0.877370782,0.0,0.230683344,0.0,0.395928993,1.0,0.177708463,0.94008827,1.0,1.0,0.0,0.0,34.0
204,0.205837782,0.098464064,0.824270055,0.0,0.0,0.734675368,0.836810639,0.0,0.0,0.723547935,0.241777843,0.439217428,0.054122816,0.194949893,0.398986498,0.575137965,0.625409287,0.0,0.28767359,0.162140745,0.780230915,0.445492995,0.025338356,0.968011351,0.104374415,0.0,0.131739522,0.432743983,0.0,0.0,0.731516906,0.0,34.0
205,0.919757527,0.879371559,0.019582226,0.391685376,0.301223802,0.807097639,0.843280263,0.381325562,0.423326114,0.0,0.782496967,0.590753533,0.0,0.428994668,0.200934387,0.172160487,0.516898121,0.066642371,0.788138584,0.105328779,0.244118834,0.376210895,0.366394637,0.047673229,0.0,0.453630898,1.0,0.275247033,0.434071142,0.0,0.145196619,1.0,35.0
206,0.356319817,0.0,0.0,0.0,0.041971402,0.718625665,0.370758719,0.0,0.42193501,0.985840703,0.337957276,0.998523402,0.216821454,0.834561207,0.353256634,0.240908999,0.0,1.0,0.487752114,1.0,0.60332361,0.014175736,1.0,0.168096387,0.052767895,0.656875271,0.843379112,0.535384731,1.0,1.0,0.528608241,0.0,35.0
